provider_id,provider,plan_id,plan,scope,pricing_model,price_usd_month,annual_price_usd_month,billing,min_term_months,deposit_policy,fx_markup_pct,addons,countries_excluded,notes,source_name,source_url,checked_at
atlas,Atlas HXM,eor,Employer of Record,eor,from,599,,unknown,,Not stated on the pricing page,,"Visa Sponsorship & Global Mobility add-on, 75+ countries, price not stated",,"The page heads its pricing section 'Pricing, No Surprises' and prints 'Platform Pricing Starts At $599 per employee / month' with 'Volume pricing available for larger, multi-country teams' beneath it, which is a starting price rather than a list price. Billing period, deposit and minimum term are not stated. What the page does state, and few competitors do, is the employment structure: 'Atlas HXM employs workers through its own legal entities in supported countries instead of relying on third-party EOR partners'. Included at the price: EOR payroll, tax and compliance, global and US benefits (healthcare, dental, vision, mental health, travel and 401(k) where available), country-specific compliance guidance and employee self-service. Mobility is an add-on and its price is not published.","Atlas HXM — Pricing ('Platform Pricing Starts At $599 per employee / month', 'Volume pricing available for larger, multi-country teams')",https://www.atlashxm.com/pricing,2026-09-21
atlas,Atlas HXM,aor,Agent of Record,contractor,list,199,,monthly,0,Not stated on the pricing page,,,,"A flat contractor-of-record price with 'Cancel anytime' printed next to it, which is why the minimum term is recorded as zero rather than unknown. The fee includes 12-month classification protection up to $100,000, a country-specific worker classification assessment, KYB and KYC verification, and quarterly classification checks. At $199 a month it is about four times Deel's $49 contractor fee and below the $325 to $399 contractor-of-record lines of Deel, Remote and Multiplier. Remote's $99 Contractor Management Plus also names a $100,000 indemnity; Atlas adds a country classification assessment and quarterly re-checks to it.","Atlas HXM — Pricing ('$199 per contractor / month', 'Cancel anytime')",https://www.atlashxm.com/pricing,2026-09-21
borderless,Borderless AI,eor,Employer of Record,eor,list,579,,monthly,0,No deposit: 'No upfront deposits or pre-funding required' (pricing page).,,,,"The pricing page prints '$579/mo' for the Employer of Record with a 'Book a demo' button, without 'from' or 'starting at', so it is recorded as a list price, as Oyster's is. The same page states 'No credit card, no upfront fees, no long-term commitments' and 'We never ask for salary pre-funding'. Its comparison table puts Borderless's security deposit at zero against '$7,000 to $20,000' for 'traditional global payroll providers', and its country coverage at '100% owned' against a mix of third-party vendors. Country variation, FX handling and add-ons are not stated.","Borderless AI — Pricing ('Flexible and Transparent Pricing': Employer of Record $579/mo, 'No upfront deposits or pre-funding required')",https://www.hireborderless.com/pricing,2026-09-24
borderless,Borderless AI,contractor,Contractor Management,contractor,list,49,,monthly,,Not stated on the pricing page,,,,"'$49/mo': compliant payments to contractors in 180+ countries, bulk payment options in 150+ countries.","Borderless AI — Pricing ('Flexible and Transparent Pricing': Employer of Record $579/mo, 'No upfront deposits or pre-funding required')",https://www.hireborderless.com/pricing,2026-09-24
borderless,Borderless AI,payroll,Global Payroll,payroll,list,29,,monthly,,Not stated on the pricing page,,,,'$29/mo' for payroll on your own entity.,"Borderless AI — Pricing ('Flexible and Transparent Pricing': Employer of Record $579/mo, 'No upfront deposits or pre-funding required')",https://www.hireborderless.com/pricing,2026-09-24
deel,Deel,eor,Employer of Record,eor,from,599,,unknown,,Not stated on the pricing page,,,MM,"Page states 'Starting at $599 per EOR employee per month'. Billing period not stated. Currency exchange: 'competitive exchange rates … with minimal fees', no percentage published.",Deel — Pricing,https://www.deel.com/pricing/,2026-09-02
deel,Deel,contractor,Contractor management,contractor,from,49,,unknown,,Not stated on the pricing page,,,MM,Starting at $49 per contractor per month.,Deel — Pricing,https://www.deel.com/pricing/,2026-09-02
deel,Deel,cor,Contractor of Record,contractor,from,325,,unknown,,Not stated on the pricing page,,,MM,$325 per contractor of record per month.,Deel — Pricing,https://www.deel.com/pricing/,2026-09-02
deel,Deel,peo,US PEO,peo,from,125,,unknown,,Not stated on the pricing page,,,MM,"$125 per US PEO employee per month (US entity required). Promotion read on the pricing page 2026-09-07: for new PEO service lines on qualifying order forms with a minimum two-year term, Deel credits three months of platform fees at the end of the initial term (non-transferable; renewals excluded).",Deel — Pricing,https://www.deel.com/pricing/,2026-09-02
g-p,G-P,eor,G-P EOR,eor,from,599,,unknown,0,Not stated on the pricing page,,,,"The pricing page answers the minimum-term question outright, which most rivals leave blank: 'No, there isn't a minimum contract length for EOR hires. With G-P, you have the flexibility to hire anyone, anywhere, for as long as you need.' Volume discounts are offered but not quantified. The page lets you switch the display currency between USD, GBP, AUD, CNY, CAD, EUR and SGD; the figure recorded here is the USD one.","G-P - Pricing ('G-P EOR ... Starting at USD 599 per employee/month', volume discounts available)",https://www.g-p.com/pricing/,2026-09-24
g-p,G-P,contractor,G-P Contractor,contractor,from,39,,monthly,,Not stated on the pricing page,,,,"USD 39 a month, and by G-P's own statement charged per payment rather than per seat: 'you won't be charged the USD 39 fee if you don't pay that contractor in a calendar month'. Contractors paid on quarterly milestones therefore cost nothing in the intervening months. G-P also states that above roughly ten contractors a month it will price below USD 39.","G-P - Pricing ('G-P Contractor ... Starting at USD 39 per contractor/month', negotiable rates, 190+ countries)",https://www.g-p.com/pricing/,2026-09-24
multiplier,Multiplier,eor,Employer of Record — Core,eor,from,499,459,either,,"Refundable security deposit required per employee by the EOR terms (effective 1 June 2026), sized by Multiplier; not on the pricing page.",,Compliance-mandated add-ons (country-specific) | Implementation fee as applicable,,"Core: $459 per person/month billed annually, $499 monthly (pricing FAQ). Growth: $519 annual / $559 monthly. 'Pricing varies in some countries': the FAQ read 2026-09-24 says about 11% of supported countries have adjusted pricing. No minimum headcount.",Multiplier — Pricing,https://www.usemultiplier.com/pricing,2026-09-24
multiplier,Multiplier,eor_growth,Employer of Record — Growth,eor,from,559,519,either,,"Refundable security deposit required per employee by the EOR terms (effective 1 June 2026), sized by Multiplier; not on the pricing page.",,Compliance-mandated add-ons (country-specific) | Implementation fee as applicable,,Growth plan.,Multiplier — Pricing,https://www.usemultiplier.com/pricing,2026-09-24
multiplier,Multiplier,cor,Contractor of Record,contractor,from,399,,annual,,Not stated on the pricing page,,,,$399–400 per contractor/month billed annually.,Multiplier — Pricing,https://www.usemultiplier.com/pricing,2026-09-02
multiplier,Multiplier,contractor,Contractors,contractor,list,40,,annual,,Not stated on the pricing page,,,,,Multiplier — Pricing,https://www.usemultiplier.com/pricing,2026-09-02
multiplier,Multiplier,payroll,Global Payroll,payroll,from,20,,annual,,Not stated on the pricing page,,,,Plus setup and implementation fees as applicable.,Multiplier — Pricing,https://www.usemultiplier.com/pricing,2026-09-02
oyster,Oyster,eor,Employer of Record,eor,list,699,,either,,Refundable deposit required for EOR team members 'to initiate the engagement and to ensure on-time payments' (pricing FAQ).,,,MM,"USD 699 per employee/month; 'Annual discounts available' through seat-based annual billing (reduced fee not published). No minimum number of team members. Pricing FAQ read 2026-09-24: a currency-conversion fee applies only when Oyster is paid in a currency other than the contract currency (USD, EUR, GBP or CAD accepted); the fee itself is in a help-centre article behind a login.",Oyster — Pricing,https://www.oysterhr.com/pricing,2026-09-24
oyster,Oyster,contractor,Global Contractors,contractor,list,29,,monthly,,Not stated on the pricing page,,,MM,"'Free for 30 days then USD 29 per contractor/month' (pricing page read 2026-09-24); instant contracts in 180+ countries, contractor payments in 120+ currencies. The page read on 2026-09-02 listed no contractor price.",Oyster — Pricing,https://www.oysterhr.com/pricing,2026-09-24
papaya,Papaya Global,eor,Employer of Record,eor,from,499,,unknown,,Not stated for EOR on the pricing page (the contractor block states 'No deposit required').,,,,"'Starting from $499 per employee/month', quote required. FX: 'Competitive FX with our FX Match Guarantee' (Payments OS).",Papaya Global — Pricing,https://www.papayaglobal.com/pricing/,2026-09-02
papaya,Papaya Global,cor,Contractor of Record,contractor,from,199,,unknown,,Not stated on the pricing page,,,,,Papaya Global — Pricing,https://www.papayaglobal.com/pricing/,2026-09-02
papaya,Papaya Global,contractor,Contractor solution,contractor,from,5,,unknown,,Not stated on the pricing page,,,,'Starting from $5 per contractor/month' (management only).,Papaya Global — Pricing,https://www.papayaglobal.com/pricing/,2026-09-02
papaya,Papaya Global,payroll,Payroll Plus,payroll,from,29,,unknown,,Not stated on the pricing page,,,,,Papaya Global — Pricing,https://www.papayaglobal.com/pricing/,2026-09-02
pebl,Pebl,eor,Employer of Record,eor,from,399,,unknown,,Not stated on the pricing page,,,,"The page prints one number, '$399 /month per employee', under the heading 'Start hiring in minutes—with no hidden fees', and pairs it with a 'Get a quote' form rather than a checkout, which is why it is recorded as a 'from' price and not a list price. Billing period, deposit, minimum term and any country variation are not stated; the FAQ answers 'How do I get pricing for the country where I want to hire?' with the quote form. Secondary write-ups published between March and September 2026 give $399, $599 and $660 for the same product, which is the reason this record cites only the vendor's own page and the date it was read.","Pebl — Employer of Record (EOR) Pricing & Plans ('Start hiring in minutes—with no hidden fees', '$399 /month per employee')",https://hellopebl.com/eor-pricing/,2026-09-22
playroll,Playroll,eor,Employer of Record,eor,from,399,,monthly,0,Fully refundable security deposit equivalent to one month's salary when onboarding an employee (pricing page).,,,,"'Starting at $399 per month. No minimum commitments.' Displayed in USD, EUR (379), GBP (319), AUD (619), CAD (549). No onboarding or offboarding fees; statutory employment costs and country-specific government charges billed separately; FX fees not published.",Playroll — Employer of Record pricing,https://www.playroll.com/pricing/employer-of-record,2026-09-02
remofirst,RemoFirst,eor,Employer of Record,eor,from,199,,monthly,0,Not stated on the pricing page,,RemoHealth insurance from $55 per person per month,,"'Starts at $199 per person/month … may vary based on local country requirements.' No setup, onboarding or termination fees, no annual contracts, no minimums (pricing FAQ).",RemoFirst — Pricing,https://www.remofirst.com/pricing,2026-09-02
remofirst,RemoFirst,contractor,Premium Contractors,contractor,list,25,,monthly,,Not stated on the pricing page,,,,Free tier to manage contractors; $25 per contractor/month to process payments.,RemoFirst — Pricing,https://www.remofirst.com/pricing,2026-09-02
remote,Remote,eor,Employer of Record,eor,list,699,,monthly,,"No deposit: 'We collect reserve payments in rare, high risk circumstances' (pricing FAQ).",,,MM,"$699 per employee/month. Annual pricing not shown on the scraped page. FX: 'we convert this amount using the Remote FX rate', shown per line on the invoice; no percentage published. No minimum number of employees.",Remote — Pricing,https://remote.com/pricing,2026-09-02
remote,Remote,contractor,Contractor Management,contractor,list,29,,monthly,,Not stated on the pricing page,,,MM,"$29 per contractor/month; Contractor Management Plus $99 with indemnity up to $100,000.",Remote — Pricing,https://remote.com/pricing,2026-09-02
remote,Remote,cor,Contractor of Record,contractor,from,325,,monthly,,Not stated on the pricing page,,,MM,,Remote — Pricing,https://remote.com/pricing,2026-09-02
remote,Remote,peo,PEO (US),peo,from,99,,monthly,,Not stated on the pricing page,,,MM,"US only, billed in USD.",Remote — Pricing,https://remote.com/pricing,2026-09-02
remote,Remote,payroll,Global Payroll,payroll,list,29,,monthly,,Not stated on the pricing page,,,MM,,Remote — Pricing,https://remote.com/pricing,2026-09-02
rippling,Rippling,eor,Global Employer of Record,eor,quote,,,unknown,,Not stated on the pricing page,,,MM,"'Tell us what services you need, and we'll send you a custom quote.' No EOR price published.",Rippling — Pricing,https://www.rippling.com/pricing,2026-09-24
rivermate,Rivermate,eor,Employer of Record,eor,from,319,,unknown,,Not stated on the pricing page,,,MM,"'From $319 – $639 per employee/month. Pricing may vary by country, headcount, project, and expat vs local hire.'",Rivermate — Pricing,https://www.rivermate.com/pricing,2026-09-02
rivermate,Rivermate,cor,Contractor of Record,contractor,from,149,,unknown,,Not stated on the pricing page,,,MM,,Rivermate — Pricing,https://www.rivermate.com/pricing,2026-09-02
safeguard,Safeguard Global,eor,Employer of Record,eor,quote,,,unknown,,Not stated,,,,"No EOR price is published anywhere the site exposes. Two readings, both on 2026-09-21. First, safeguardglobal.com/pricing/ does not serve a price list: it redirects to /resources/tool/cost-calculator/, a lead-capture calculator. Second, the EOR page's own FAQ asks 'How much do employer of record services cost?' and answers about the industry rather than about Safeguard — 'Providers charge either a flat monthly fee per employee or a percentage of payroll' — then adds that on top of the fee you pay each country's real employer costs, naming 12% superannuation in Australia and 15% employer National Insurance in the UK. Its own page raises the possibility that a fee is a percentage of payroll rather than a flat amount, which is worth asking about in a quote: a percentage model reprices every raise.",Safeguard Global — Employer of Record ('How much do employer of record services cost?' answered without naming its own fee),https://www.safeguardglobal.com/solutions/employer-of-record/,2026-09-21
